,Shutter 0,Gain 0,Illumination 0,Shutter 1,Gain 1,Illumination 1
0,531.0,16.0,245.19179687499999,12.0,16.0,245.19179687499999
1,531.0,16.0,248.98193359375,12.0,16.0,248.98193359375
2,531.0,16.0,243.83378906249999,33.0,16.0,243.83378906249999
3,531.0,16.0,243.48764648437501,55.0,16.0,243.48764648437501
4,531.0,16.0,244.70039062500001,77.0,16.0,244.70039062500001
5,531.0,16.0,242.99375000000001,33.0,16.0,242.99375000000001
6,531.0,16.0,245.19179687499999,23.0,16.0,245.19179687499999
