,Shutter 0,Gain 0,Illumination 0,Shutter 1,Gain 1,Illumination 1
0,531,16,57.1235514323,261,16,53.3034895833
1,531,16,57.1235514323,12,16,9.8679459635
2,531,16,57.1235514323,33,16,11.1059863281
3,531,16,57.1235514323,44,16,10.8663671875
4,531,16,57.1235514323,77,16,10.7740397135
5,531,16,57.1235514323,520,16,56.0986914063
6,531,16,57.1235514323,23,16,10.710172526
